dt,title
2013-01-14 00:00:00,1979 İran’ına ödül yağdı – nediyor.com
2013-01-14 00:00:00,Sağlık Bakanlığı’ndan Refiye açıklaması – nediyor.com
2013-01-16 00:00:00,Ünlü ressam Doğançay hayatını kaybetti – nediyor.com
2013-01-16 00:00:00,Mehmet Ali Birand hastaneye kaldırıldı – nediyor.com
2013-01-17 00:00:00,Gazeteciliğin ikonu Birand’ı kaybettik – nediyor.com
2013-01-17 00:00:00,Ölüm haberine Umur Birand’tan yalanlama – nediyor.com
2013-01-18 00:00:00,Birand’ın ölümünde ihmal şüphesi – nediyor.com
2013-01-18 00:00:00,Armstrong sonunda dopingi itiraf etti – nediyor.com
2013-01-19 00:00:00,Birand son yolculuğuna uğurlandı – nediyor.com
2013-01-21 00:00:00,Patriotlar Türkiye’de – nediyor.com
2013-01-22 00:00:00,Hatay’da NATO askerine çuval geçirme girişimi – nediyor.com
2013-01-22 00:00:00,Obama ikinci kez yemin etti – nediyor.com
2013-01-25 00:00:00,Samatya’daki saldırıların faili aynı kişi – nediyor.com
2013-01-29 00:00:00,“Şangay Beşlisi” açılımına ABD’den gülümseme – nediyor.com
2013-01-30 00:00:00,İsrail uçakları Suriye’yi vurdu – nediyor.com
2013-02-01 00:00:00,Birand’ın 33′üncü günü – nediyor.com
2013-02-01 00:00:00,ABD Büyükelçiliği’ne intihar saldırısı – nediyor.com
2013-02-01 00:00:00,Saldırıda talihsiz randevu – nediyor.com
2013-02-01 00:00:00,Başbakan: “TSK bir terör örgütü değildir” – nediyor.com
2013-02-02 00:00:00,Radikal’e “Korsakoff” tepkisi – nediyor.com
2013-02-04 00:00:00,Sarai’nin soruşturmasına FBI da dahil oldu – nediyor.com
2013-02-05 00:00:00,Didem Tuncay’dan üzen haber – nediyor.com
2013-02-05 00:00:00,Tarantino’nun “Zincirsiz”i beklenen ilgiyi görmedi   – nediyor.com
2013-02-05 00:00:00,Erdoğan “Şangay Beşlisi”ni savundu – nediyor.com
2013-02-06 00:00:00,Ergin Saygun’un kızının çığlığı – nediyor.com
2013-02-06 00:00:00,Ahmedinejad’a da ayakkabı – nediyor.com
2013-02-07 00:00:00,FBI Sarai Sierra’dan şüphelendi – nediyor.com
2013-02-07 00:00:00,Türkiye uyardı; Obama yönetimi sahip çıktı – nediyor.com
2013-02-08 00:00:00,DHKP-C gözünü çıkarttı; özür diledi – nediyor.com
2013-02-08 00:00:00,Saygun tahliyesinde Arınç tesadüfü  – nediyor.com
2013-02-09 00:00:00,AB ve ABD’ye çifte tepki – nediyor.com
2013-02-09 00:00:00,Güney: “Ergenekon dönemi kapandı” – nediyor.com
2013-02-10 00:00:00,Obama: “Erdoğan harika bir partner” – nediyor.com
2013-02-11 00:00:00,Grammy ödülleri sahiplerini buldu – nediyor.com
2013-02-11 00:00:00,Argo BAFTA’yı da boş geçmedi – nediyor.com
2013-02-12 00:00:00,Kuzey Kore’de nükleer deprem – nediyor.com
2013-02-13 00:00:00,Oscarlık “Lincoln” Türkiye’de tutmadı – nediyor.com
2013-02-13 00:00:00,Hido’ya dopingden 20 maç ceza – nediyor.com
2013-02-14 00:00:00,Aman bugün sevgilinizi unutmayın… – nediyor.com
2013-02-15 00:00:00,Rusya’da meteor yağmuru: 500 yaralı – nediyor.com
2013-02-19 00:00:00,Yeni DHKP-C dalgasında memurlar gözaltında – nediyor.com
2013-02-25 00:00:00,Ödül heyecanı genç yıldızı tökezletti – nediyor.com
2013-02-25 00:00:00,Oscar’da “Argo” zirveye çıktı – nediyor.com
2013-02-27 00:00:00,Deniz Gezmiş “66″ yaşında – nediyor.com
2013-02-28 00:00:00,Öcalan: “Süreç başarısız olursa ben yokum” – nediyor.com
2013-03-01 00:00:00,“1 Mart Tezkeresi”nin gizlilik süresi doldu – nediyor.com
2013-03-01 00:00:00,Gülen’den Cumhuriyet’e tekzip – nediyor.com
2013-03-01 00:00:00,Erdoğan’ın “siyonizm” yorumuna tepki büyüyor – nediyor.com
2013-03-06 00:00:00,Halk kahramanı mı diktatör mü? – nediyor.com
2013-03-06 00:00:00,Chavez hayatını kaybetti – nediyor.com
2013-03-09 00:00:00,“Örümcek Adam” Müslüman oldu – nediyor.com
2013-03-09 00:00:00,Chavez mumyalanarak sergilenecek – nediyor.com
2013-03-13 00:00:00,Hristiyan dünyası Papa’sını bekliyor – nediyor.com
2013-03-13 00:00:00,Tarihte ilk: Yeni Dünyalı Papa – nediyor.com
2013-03-17 00:00:00,“Laz Ziya” Sierra cinayetini anlattı – nediyor.com
2013-03-17 00:00:00,Samsung kendini aştı – nediyor.com
2013-03-20 00:00:00,Muhalifler ABD’den ithal başkan seçti – nediyor.com
2013-03-20 00:00:00,Obama Türkiye’yi teğet geçti – nediyor.com
2013-03-22 00:00:00,İsrail’den 3 yıl sonra “özür” – nediyor.com
2013-03-22 00:00:00,Takıntılı müfettiş “Galip Derviş” iş başında – nediyor.com
2013-03-24 00:00:00,Fenerbahçe Avrupa 2′ncisi oldu – nediyor.com
2013-03-24 00:00:00,Suriye muhaliflerinde istifa çatlağı – nediyor.com
2013-03-27 00:00:00,Başbakan: “Obama’nın sesini özlemiştim” – nediyor.com
2013-03-29 00:00:00,"Başbakan: “Lazistan, Kürdistan vardı” – nediyor.com"
2013-03-29 00:00:00,Yeni Papa’dan “ayak öpme” açılımı – nediyor.com
2013-03-29 00:00:00,Atatürk’e hayran ABD Savunma Bakanı  – nediyor.com
2013-03-30 00:00:00,Kore’de savaş çanları çalıyor – nediyor.com
2013-04-01 00:00:00,“Game Of Thrones”da bekleyiş sona erdi – nediyor.com
2013-04-05 00:00:00,32 trilyon dolarlık “offshore” sızıntısı – nediyor.com
2013-04-05 00:00:00,OdaTV: “Kardashian hamile Türkiye rahat” – nediyor.com
2013-04-08 00:00:00,Kerry’den çözüm sürecine övgü – nediyor.com
2013-04-10 00:00:00,Umberto Eco: “İnsanların yüzde 50′si aptal” – nediyor.com
2013-04-12 00:00:00,Hükümet ısrarlı: “GDO’lu pirinç yok” – nediyor.com
2013-04-15 00:00:00,Altın fiyatları yükselişe geçti – nediyor.com
2013-04-16 00:00:00,Maratonda ölümlü patlama: ABD alarmda – nediyor.com
2013-04-16 00:00:00,Obama bu kez “terör” sözcüğünü kullandı – nediyor.com
2013-04-18 00:00:00,ABD’li Time “Öcalan ve Gülen” dedi – nediyor.com
2013-04-20 00:00:00,Kardeş Tsarnev yakalandı – nediyor.com
2013-04-23 00:00:00,"Erdoğan: “Şık olmadı, Gazze’ye gideceğim” – nediyor.com"
2013-04-24 00:00:00,Dışişleri’nden Obama’ya: “Esefle karşıladık” – nediyor.com
2013-04-25 00:00:00,ABD Suriye’de yoğurdu üfleyerek yiyor – nediyor.com
2013-04-30 00:00:00,Erdoğan: “BOP diye bir şey kalmadı”  – nediyor.com
2013-04-30 00:00:00,Obama: “Suriye’ye müdahale edebiliriz” – nediyor.com
2013-05-04 00:00:00,İsrail’den Suriye’ye nokta saldırısına devam – nediyor.com
2013-05-06 00:00:00,BM: “Muhalifler kimyasal silah kullandı” – nediyor.com
2013-05-06 00:00:00,Deniz Gezmiş ve arkadaşları anıldı – nediyor.com
2013-05-08 00:00:00,İstanbul’un AVM çılgınlığı dünyanın zirvesine çıktı – nediyor.com
2013-05-09 00:00:00,İTÜ Rektörlüğü’nden GDO geri adımı – nediyor.com
2013-05-09 00:00:00,Gülen gazetecilere iktidarı mı eleştirdi? – nediyor.com
2013-05-09 00:00:00,Başbakan röportajında çeviri skandalı – nediyor.com
2013-05-11 00:00:00,Türkiye ateş çemberinde – nediyor.com
2013-05-12 00:00:00,Buruk Anneler Günü – nediyor.com
2013-05-14 00:00:00,Angelina Jolie memelerini aldırdı – nediyor.com
2013-05-14 00:00:00,Başbakan ABD dönüşü Reyhanlı’ya gidecek – nediyor.com
2013-05-14 00:00:00,Erdoğan’dan Gülen’e açık kapı – nediyor.com
2013-05-14 00:00:00,Başbakan: “İstihbaratta kopukluk olabilir” – nediyor.com
2013-05-16 00:00:00,Gül’ün ziyareti öncesinde Reyhanlı’ya makyaj
2013-05-18 00:00:00,Atatürk’ün çiftliği üzerine ABD elçiliği
2013-05-20 00:00:00,Üniversitelere özel güvenlik yerine polis
2013-05-21 00:00:00,2014′te 3 sandık göründü
2013-05-23 00:00:00,Başbakan’ın Reyhanlı ziyaret tarihi değişti
2013-05-23 00:00:00,Arınç: “Fethullah Gülen dönmeli”
2013-05-25 00:00:00,Başbakan: “Reyhanlı’ya geç geldim çünkü…”
2013-05-27 00:00:00,Arınç: “10′uncu Yıl yerine Mehter Marşı olsaydı…”
2013-05-29 00:00:00,Meclis’te AK Parti’den ret üzerine ret
2013-05-30 00:00:00,Gezi Parkı’nda binlerce eylemci nöbet tuttu
2013-06-05 00:00:00,“Chapulling” literatüre girdi
2013-06-06 00:00:00,Başbakan geri adım atmayacak
2013-06-06 00:00:00,Gülen: “Çerik-çürük hale gelmiş nesil”
2013-06-06 00:00:00,Güler: “Gözaltında 1-2 kişi kaldı”
2013-06-07 00:00:00,ABD Büyükelçiliği’nden Başbakan’a cevap
2013-06-07 00:00:00,“76 milyonu bir ve beraber görüyoruz”
2013-06-08 00:00:00,Bahçeli’nin erken seçim çağrısına jet yanıt
2013-06-19 00:00:00,Ankara’da sürpriz toplantı
2013-06-22 00:00:00,Erdoğan: “Onların tweeti bizim besmelemiz”
2013-06-25 00:00:00,Erdoğan ile Obama telefonda görüştü
2013-06-25 00:00:00,Gökçek’ten çarpıcı iddialar ve gözyaşları
2013-06-26 00:00:00,Facebook ve Twitter’dan Gezi açıklaması
2013-06-26 00:00:00,SPK’dan aracı kurumlara inceleme
2013-06-30 00:00:00,LGBT üyeleri “Onur Yürüyüşü” düzenledi
2013-07-07 00:00:00,CHP’li Güler’den “Mısır darbesi” açıklaması
2013-07-11 00:00:00,Pavey İBB başkan adaylığını yalanladı
2013-07-11 00:00:00,Piyasalara FED dopingi
2013-07-17 00:00:00,Babacan: “Sıkıntı küresel konjonktür kaynaklı”
2013-07-20 00:00:00,ABD basınına Türk medya patronlarını yazdı
2013-07-23 00:00:00,"Sabah, Yavuz Baydar ile yollarını ayırdı"
2013-07-24 00:00:00,Başbakan’dan polise: “Moralinizi bozmayın”
2013-07-25 00:00:00,Bakan Yıldırım’dan Twitter açıklaması
2013-07-26 00:00:00,Başbakan o ilan için yargıya gidiyor
2013-07-28 00:00:00,İstanbul’a dev park projesi
2013-07-29 00:00:00,Twitter: “Türkiye ile anlaşmadık”
2013-07-30 00:00:00,Milliyet’te değişim; Sazak’ın yerine Bila geldi
2013-07-30 00:00:00,Ankara’ya yürüdü; CHP ve BDP görüştü
2013-08-13 00:00:00,Gülen cemaatinden iddialara yanıt geldi
2013-08-15 00:00:00,MİT’e Star gazetesinden transfer
2013-08-15 00:00:00,Çandar’ın “temizlik” sözü tartışma yarattı
2013-08-17 00:00:00,Başbakan’dan “Rabia” işareti
2013-08-18 00:00:00,Orhan Pamuk’tan Batı’ya Mısır eleştirisi
2013-08-19 00:00:00,Dış politikada “değerli yalnızlık” tartışması
2013-08-21 00:00:00,Mısır’dan Başbakan’a çok ağır tepki
2013-08-22 00:00:00,AA’dan “sehven iptal” açıklaması
2013-08-22 00:00:00,Davutoğlu: “Mursi ile görüşmeye çalışıyoruz”
2013-08-22 00:00:00,Dolar rekor tazeledi; 2 liraya dayandı
2013-08-23 00:00:00,Ve dolar 2 lirayı gördü
2013-08-24 00:00:00,Erdoğan: “Beyaz Saray’a ne oluyor?”
2013-08-27 00:00:00,Ankara’nın gündemi tezkere
2013-08-27 00:00:00,Twitter’da “Savaşa hayır” seferberliği
2013-08-27 00:00:00,Dolar tutulmuyor; borsa tepetaklak
2013-08-28 00:00:00,Ulusal gazetelerden savaş senaryoları
2013-08-28 00:00:00,Davutoğlu: “Yoğun bir güvenlik riski var”
2013-08-28 00:00:00,Dolardan tarihi yeni rekor: 2.07 TL
2013-08-30 00:00:00,AA: “Kimyasal saldırının detaylarına ulaştık”
2013-08-30 00:00:00,Başbakan: “Sınırlı müdahale yetmez”
2013-08-30 00:00:00,Yeni Şafak’tan Chomsky açıklaması
2013-09-02 00:00:00,Cüneyt Arcayürek’e tepki yağıyor
2013-09-02 00:00:00,Yeni Şafak’ın İngilizce’ye hediyesi: “Milk port”
2013-09-05 00:00:00,Dolar’dan yeni rekor: 2.084 lira
2013-09-05 00:00:00,Başbakan: “Suriye saldırısına hazırız”
2013-09-06 00:00:00,ABD’den dikkat çeken Adana genelgesi
2013-09-07 00:00:00,Özdil’den tartışılan olimpiyat yazısı
2013-09-12 00:00:00,Erdoğan’dan CHP’ye sert sözler
2013-09-13 00:00:00,Ekranda yeni diziler kapıştı
2013-09-13 00:00:00,Arınç: “Müdahale imkanı maalesef kalmadı”
2013-09-15 00:00:00,Kerry’den Davutoğlu’na Paris daveti
2013-09-15 00:00:00,Polise elektroşok silahı
2013-09-16 00:00:00,Borsa yükseldi; dolar 2 TL’nin altına geriledi
2013-09-16 00:00:00,Davutoğlu: “Türkiye için dünyayı ayağa kaldırırız”
2013-09-17 00:00:00,Başbakan Menderes anılıyor
2013-09-17 00:00:00,Topbaş: Meydana bolca ağaç dikeceğiz”
2013-09-17 00:00:00,Bakan Avcı’dan miniklere tartışmalı hediye
2013-09-18 00:00:00,Ali Babacan: “Yeni döneme giriyoruz”
2013-09-26 00:00:00,MİLGEM Koç’tan alındı; füze kalkanı Çin’e verildi
2013-09-26 00:00:00,iPhone 5S’in Türkiye satış fiyatı belirlendi
2013-09-27 00:00:00,Aylin Kotil Beyoğlu’na talip oldu
2013-10-01 00:00:00,Kılıçdaroğlu: “Paket kötü kopya”
2013-10-03 00:00:00,Başkanlık sistemine Obama’lı örnek
2013-10-04 00:00:00,TSK 12 ay askerliği uygun buldu
2013-10-12 00:00:00,İstanbul polisine elektroşok silah dağıtıldı
2013-10-13 00:00:00,WSJ’nin Hakan Fidan analizi manşetlerde
2013-10-13 00:00:00,Bağış’tan Hüseyin Çelik eleştirisi: “Şık olmadı”
2013-10-19 00:00:00,Davutoğlu: “Kimse tehdit edemez”
2013-10-20 00:00:00,Rektör: “Gezi eylemleri dinsizlerin işi”
2013-10-21 00:00:00,Başbakan’dan Gülen’e geçmiş olsun telefonu
2013-10-21 00:00:00,Yalçın Akdoğan’dan Fidan’a destek tweeti
2013-10-24 00:00:00,Fethullah Gülen’den iki sayfalık teşekkür ilanı
2013-10-24 00:00:00,AVM açılışında ODTÜ tepkisi
2013-10-25 00:00:00,ABD’li kuruluştan Türkiye raporu
2013-10-28 00:00:00,Füze ihalesinde teklif süresi uzatıldı mı?
2013-10-29 00:00:00,Gül’den “Meclis’te başörtüsü” mesajı
2013-10-31 00:00:00,FEMEN’in üç üyesi gruptan ayrıldı
2013-11-01 00:00:00,Yükselir’den Pavey ile ilgili şoke eden tweet
2013-11-04 00:00:00,Dumansız hava sahası genişliyor
2013-11-05 00:00:00,Leopar doldurularak sergilenecek
2013-11-05 00:00:00,Köprü kapandı; Woods tarihi atış gerçekleştirdi
2013-11-07 00:00:00,Melis’e uygun ilik bulundu
2013-11-08 00:00:00,Leopardan sonra çizgili sırtlan görüldü
2013-11-08 00:00:00,CNN’den “El Kaide Türkiye’ye akıyor” iddiası
2013-11-13 00:00:00,“Parti kurma” iddiasına cemaatten yalanlama
2013-11-14 00:00:00,Bloomberg: “Paranoyak laikler haklı çıkıyor”
2013-11-18 00:00:00,Gülen bu kez itidal çağrısı yaptı
2013-11-19 00:00:00,Öldürülen leopar İran parsı çıktı
2013-11-19 00:00:00,“Gezi’den onur duydum” haberini yalanladı
2013-11-19 00:00:00,Başbakan’dan “Kürdistan” açıklaması
2013-11-20 00:00:00,İstanbul için deprem uyarısı
2013-11-21 00:00:00,Winamp tarihe karışıyor
2013-11-22 00:00:00,Şarkıcı Emrah Twitter’dan hisse aldı
2013-11-22 00:00:00,Ali Babacan: “Gezi’den çok şey öğrendik”
2013-11-22 00:00:00,Arınç: “1.5 yıl sonra siyaseti bırakıyorum”
2013-11-25 00:00:00,Kadına Yönelik Şiddetle Mücadele Günü
2013-11-25 00:00:00,“Polis intiharlarını sosyal medya arttırıyor”
2013-11-26 00:00:00,Kılıçdaroğlu: “Türk demokrasisi tehlikede”
2013-11-27 00:00:00,Sözcü’den CHP’ye “ABD gezisi” tepkisi
2013-11-30 00:00:00,Kemal Kılıçdaroğlu ABD’ye gitti
2013-11-30 00:00:00,Gülen: “Kolum kanadım kırıldı”
2013-12-02 00:00:00,Kılıçdaroğlu: “Obama ile birbirimize benziyoruz”
2013-12-02 00:00:00,CHP lideri Sarıgül’ün adaylığını açıkladı mı?
2013-12-03 00:00:00,Gezi iddianamesinde çarpıcı ifadeler
2013-12-04 00:00:00,CHP ABD’de Gülen Cemaati ile buluştu
2013-12-04 00:00:00,Bryant ve Messi yine THY reklamında
2013-12-05 00:00:00,İnternet oylamasında Erdoğan ikinci oldu
2013-12-08 00:00:00,Sarıgül: “12 Aralık’ta İBB başkan adayıyım”
2013-12-09 00:00:00,Gülen’in önlediği seks skandalı
2013-12-09 00:00:00,Selvi’den Gülen’e “dön” çağrısı ve kaset iddiası
2013-12-10 00:00:00,Bütçe maratonunda gündem Sayıştay
2013-12-11 00:00:00,Gülen’den gerilimin dozunu düşürecek sözler
2013-12-15 00:00:00,THY müdüründen tepki çeken “Gülen” tweeti
2013-12-17 00:00:00,Suriye’de Türk gazeteci kaçırıldı
2013-12-18 00:00:00,Halkbank hakkında çarpıcı iddialar
2013-12-19 00:00:00,Kılıçdaroğlu ABD elçisiyle buluştu
2013-12-20 00:00:00,“Sabah ve ATV satıldı” kaosu
2013-12-20 00:00:00,Dolar tarihi zirvede; Merkez’den hamle
2013-12-20 00:00:00,Kılıçdaroğlu: “Bunların ar damarı çatlamış”
2013-12-21 00:00:00,Erdoğan: “Hükümete karşı uluslararası adım”
2013-12-21 00:00:00,“Operasyon ABD oyunu”; Büyükelçi’ye ağır itham
2013-12-21 00:00:00,ABD Büyükelçisi: “Tümü yalan ve İftira”
2013-12-22 00:00:00,Erdoğan: “Halkbank’ı yedirmeyeceğiz”
2013-12-23 00:00:00,Zarrab’ın gizemli ortağı Zencani
2013-12-24 00:00:00,ABD’li yetkili: “Tansiyonu yükseltmek istemiyoruz”
2013-12-24 00:00:00,“Haber servisi” iddiasına AK Parti’den yalanlama
2013-12-25 00:00:00,ABD’den büyükelçi haberlerine iki sert tepki
2013-12-25 00:00:00,İşte kabinenin 10 yeni üyesi
2013-12-30 00:00:00,Dilipak: “Komplonun ucu Vatikan’a uzanıyor”
2013-12-30 00:00:00,Yargıtay’dan Şahin’in iddiasına açıklama
2013-12-30 00:00:00,El Kadı hakkında çarpıcı iddia
2013-12-31 00:00:00,2013′te yaprak dökümü
2014-01-03 00:00:00,Bulut: “Türkiye 2014′te süper güç olacak”
2014-01-05 00:00:00,Gülerce: “Büyük sıkıntılar yaşayacağız”
2014-01-05 00:00:00,Fehmi Koru: “Mektup teklifi benden geldi”
2014-01-06 00:00:00,Egemen Bağış’tan “Hayko Cepkin” şakası
2014-01-09 00:00:00,Popüler video sitesi Vimeo yasaklandı
2014-01-13 00:00:00,Gülen’den dinlemelere suç duyurusu
2014-01-13 00:00:00,Davutoğlu: “Yürütme hesap verebilir olmalı”
2014-01-13 00:00:00,Atatürk’ün yatı Savarona devletin oluyor
2014-01-14 00:00:00,Kerry: “Ahmet sen mi açıklarsın ben mi?”
2014-01-16 00:00:00,AK Parti’de Çetin’e ihraç istemi
2014-01-18 00:00:00,Özkök’ten MİT’e: “Milleti tufaya ya mı getirdin?”
2014-01-18 00:00:00,Suriye’li muhalifler “Cenevre-2″ ye katılıyor
2014-01-21 00:00:00,Gülen’den partileşme ve CHP açıklaması
2014-01-21 00:00:00,Yıldırım: “Cemaati hedef almadım”
2014-01-23 00:00:00,Gülen’in avukatı: “Yeni kayıtlar servis edilecek”
2014-01-23 00:00:00,“Tarafsız Bölge”de yoğun gündem konuşuldu
2014-01-25 00:00:00,FBI Reza Zarrab’ın ensesinde
2014-01-27 00:00:00,Gülen’in tansiyon ölçümü gündem oldu
2014-01-27 00:00:00,NY Times’dan Erdoğan’a sert eleştiri
2014-01-28 00:00:00,Başbakan’dan Cemaat’e “maşa” suçlaması
2014-01-28 00:00:00,Başbakanlık: “Erdoğan’ın sözleri aslında…”
2014-01-30 00:00:00,Gülen’e ait yeni ses kayıtları mı var?
2014-01-30 00:00:00,Doların yükselişi devam ediyor
2014-01-30 00:00:00,Hologramlı görüntü gündemden düşmüyor
2014-01-30 00:00:00,Tarafsız Bölge’de ekonomi tartışıldı
2014-01-31 00:00:00,Taraf’tan “B planı MB’ye müdahale” iddiası
2014-01-31 00:00:00,Ünlü ekonomistten Türkiye uyarısı
2014-01-31 00:00:00,Gülen’in avukatı: “Montaj ve kara propaganda”
2014-02-01 00:00:00,ABD Büyükelçiliği’nden Gökçek’e yalanlama
2014-02-02 00:00:00,Bayık: “Cemaat ile ABD birlikte; hedef Erdoğan”
2014-02-03 00:00:00,Freedom House’dan Türkiye’ye kırık not
2014-02-04 00:00:00,Neden Julianne Moore seçildi?
2014-02-05 00:00:00,Başbakan Gezi sorumlularını ağlattı mı?
2014-02-06 00:00:00,Cemaat’e “Pensilvanya Partisi” önerisi
2014-02-07 00:00:00,Vali Mutlu’dan “ağlatma” iddiasına yanıt
2014-02-07 00:00:00,S&P’den Türkiye’ye kötü haber
2014-02-10 00:00:00,CHP’de Beyoğlu’nda kadın dayanışması
2014-02-10 00:00:00,Kanal D’de yeni şarkı yarışması: X Factor
2014-02-13 00:00:00,FED: “En kırılgan ülke Türkiye”
2014-02-14 00:00:00,Aman bugün sevgilinizi unutmayın…
2014-02-17 00:00:00,Bugün Dünya Kediler Günü
2014-02-18 00:00:00,Gülen ve Aydın Doğan’la ilgili ses kaydı
2014-02-19 00:00:00,Başbakan seçim kampanyasını başlattı
2014-02-21 00:00:00,Dünya Anadil Günü kutlanıyor
2014-02-21 00:00:00,Hava Kuvvetleri’ne yeni soluk
2014-02-21 00:00:00,Eski AK Partili vekil ile THY arasında kriz
2014-02-24 00:00:00,Gülen: “Dinletenler cezalandırılsın”
2014-02-25 00:00:00,Obama’ya Gülen sitemi
2014-02-25 00:00:00,“ABD’den ses kaydı raporu” iddiası
2014-02-27 00:00:00,Deniz Gezmiş’in 67′nci doğum günü
2014-03-04 00:00:00,Rus savaş gemileri İstanbul Boğazı’nda
2014-03-04 00:00:00,Erdoğan Putin ile telefonda görüştü
2014-03-05 00:00:00,Başbakan: “Gülen Humeyni gibi dönecekti”
2014-03-06 00:00:00,Kırım adım adım Rusya’ya katılıyor
2014-03-07 00:00:00,ABD savaş gemisi Karadeniz’e açıldı
2014-03-07 00:00:00,Başbakan: “Alevi hakim’ sözü montaj”
2014-03-11 00:00:00,Gülen’den Berkin için taziye mesajı
2014-03-11 00:00:00,Gülen: “Yeni Anayasa’ya ihtiyaç var”
2014-03-12 00:00:00,Davutoğlu: “Berkin BM’yi ilgilendirmez”
2014-03-14 00:00:00,SP’li aday: “Obama’nın selamı var”
2014-03-16 00:00:00,Talha bebek yaşamını yitirdi
2014-03-17 00:00:00,Gülen mülakatı yayınlandı: “Yakıştıramadım”
2014-03-19 00:00:00,Yeni Şafak Fidan-Gülen görüşmesini yazdı
2014-03-23 00:00:00,20 Mart’tan beri tek gündem Twitter
2014-03-23 00:00:00,Gül: “Mevzuat suç konusu sayfaları kapatmak”
2014-03-23 00:00:00,Başbakan: “Millet oynanan oyunu görüyor”
2014-03-23 00:00:00,Bakan Elvan’a canlı yayında tepki
2014-03-24 00:00:00,Dinleme tepkisi: “Haremimize giriyorlar”
2014-03-25 00:00:00,Erdoğan: “Suça bulaşanların inlerine gireceğiz”
2014-03-25 00:00:00,Birleşmiş Milletler’den Twitter açıklaması
2014-03-26 00:00:00,Kenan Işık’la ilgili son durum
2014-03-26 00:00:00,Melis Alphan’a TGC gazetecilik ödülü
2014-03-27 00:00:00,Baykal ile ilgili kaset tartışması sürüyor
2014-03-27 00:00:00,Star TV Ana Haber: “Facebook yasaklanıyor”
2014-03-28 00:00:00,Davutoğlu: “Jammer olan bir oda dinlendi”
2014-03-28 00:00:00,Gülen’in yeşil pasaportu 24 yıl sonra iptal edildi
2014-03-28 00:00:00,YouTube yasağının yankıları sürüyor
2014-04-02 00:00:00,Metiner: “Başbakanımız o koltuğa oturacak”
2014-04-03 00:00:00,Twitter kararı Resmi Gazete’de yayımlandı
2014-04-03 00:00:00,Kılıçdaroğlu İş Bankası’na atamaları savundu
2014-04-04 00:00:00,Başbakan: “AYM kararına saygı duymuyorum”
2014-04-04 00:00:00,Alparslan Türkeş ölümünün 17′inci yılında anıldı
2014-04-07 00:00:00,ABD Büyükelçisi’nden Gülen açıklaması
2014-04-08 00:00:00,Perinçek: “PKK dağıtılsın; genel af çıkabilir”
2014-04-09 00:00:00,TDK “Selfie”ye Türkçe karşılık arıyor
2014-04-10 00:00:00,Arınç: “TÜRGEV’e 100 milyon dolar bağış yapıldı”
2014-04-10 00:00:00,Star gazetesinden “ihanet mektubu” iddiası
2014-04-11 00:00:00,Çatıdaki eylemci işçiler gözaltına alındı
2014-04-11 00:00:00,Babacan’dan Aslan yorumu: “Siyasi iradenin tercihi”
2014-04-11 00:00:00,Hükümetten Moody’s tepkisi
2014-04-12 00:00:00,THY: “Milletvekili için hukuki işlem yapılacak”
2014-04-13 00:00:00,Semerci Gülen fotoğrafının hikayesini yazdı
2014-04-15 00:00:00,Eski AK Partili vekile THY bilet satmayacak
2014-04-17 00:00:00,Kadıköy – Kartal hattında vurgun iddiası
2014-04-19 00:00:00,Erdoğan: “Millet kendi başkanını seçecek”
2014-04-21 00:00:00,Erdoğan gurbetçi oyları için Avrupa turuna çıkacak
2014-04-22 00:00:00,Kaset tepkisi: “Düşman bile bu şerefsizliği yapmaz”
2014-04-24 00:00:00,Başbakan’ın açıklaması Ermenileri tatmin etmedi
2014-04-25 00:00:00,Selfie bu kez uzaydan geldi
2014-04-28 00:00:00,Sözcü’den TÜRGEV’le ilgili yeni iddia
2014-04-29 00:00:00,Gülen’in iadesi için düğmeye basılıyor
2014-04-29 00:00:00,Beşir Atalay: “İnşa halinde bir demokrasiyiz”
2014-04-30 00:00:00,ABD Gülen sorularını yanıtsız bıraktı
2014-04-30 00:00:00,Gülen hakkında soruşturma başlatıldı
2014-05-01 00:00:00,Göstericinin ayakkabı markası tartışması
2014-05-02 00:00:00,Türkiye “Basını özgür olmayan ülkeler” listesinde
2014-05-03 00:00:00,Gazeteciler basın özgürlüğü için yürüdü
2014-05-03 00:00:00,"Yiğit Bulut: “Devlet bir attır, hükümet de binicisidir”"
2014-05-04 00:00:00,Star’dan Freedom House raporuna tepki
2014-05-06 00:00:00,Deniz Gezmiş ve arkadaşları anıldı
2014-05-06 00:00:00,Fatih Altaylı’dan medyaya sert eleştiri
2014-05-07 00:00:00,Bakan Şimşek: “Twitter yasaklanmamalıydı”
2014-05-08 00:00:00,AK Parti’den “çatı aday” yorumu
2014-05-13 00:00:00,Başbakan’ın “cadı avı” çıkışı tartışma yarattı
2014-05-13 00:00:00,Erdoğan: “Türkiye’de basın özgürlüğü yok denemez”
2014-05-13 00:00:00,Bahçeli: “Baro Başkanı çaldı; Başbakan oynadı”
2014-05-14 00:00:00,Rihanna’dan Soma duyarlılığı
2014-05-15 00:00:00,Başbakanlık müşaviri: “Sükunetimi koruyamadım”
2014-05-17 00:00:00,Özkök: “Başbakan üslubunu değiştirse meseleler biter”
2014-05-21 00:00:00,İşte Soma’da kullanılan gaz maskeleri
2014-05-21 00:00:00,ABD’li uzman: “Facianın nedeni yanlış gaz maskesi”
2014-05-24 00:00:00,Medyaya “Altın Palmiye” tepkisi
2014-05-24 00:00:00,Ege merkezli korkutan deprem
2014-05-28 00:00:00,Bilici’den Gülen Cemaati’ne özeleştiri çağrısı
2014-05-29 00:00:00,Gülen’in eski dosyaları yeniden açılıyor
2014-05-29 00:00:00,Kütahyalı: “Mavi Marmara kararını Gülenciler çıkardı”
2014-05-30 00:00:00,Başbakan Erdoğan: “Artist müsveddeleri…”
2014-06-03 00:00:00,El Nusra terör örgütü listesine dahil edildi
2014-06-04 00:00:00,Türkiye’den yüklenen Kuzey Irak petrolü Fas’a ulaştı
2014-06-06 00:00:00,Demirtaş o sözleri yalanladı
2014-06-11 00:00:00,ABD’den Musul açıklaması: “Kınıyoruz”
2014-06-11 00:00:00,Köşk’te haritalı IŞİD zirvesi; açıklama yok
2014-06-11 00:00:00,Türkiye dolar milyarderleri listesinde 12′nci oldu
2014-06-11 00:00:00,Başbakanlık’ta “Musul” zirvesi
2014-06-11 00:00:00,Erdoğan ABD Başkan Yardımcısı ile görüştü
2014-06-11 00:00:00,Davutoğlu dün “Önlem aldık” demişti
2014-06-11 00:00:00,Davutoğlu’ndan IŞİD’e: “Kimse bizi test etmesin”
2014-06-12 00:00:00,Davutoğlu: “Rehineler daha güvenli bir noktada”
2014-06-12 00:00:00,Meclis’te Musul oturumu iptal
2014-06-12 00:00:00,IŞİD 24 saattir Türk Başkosolosluğu’nda
2014-06-13 00:00:00,Suskunluğunu koruyan Erdoğan Karadeniz turunda
2014-06-15 00:00:00,Bugün Babalar Günü
2014-06-15 00:00:00,Başbakan’dan Telafer açıklaması
2014-06-15 00:00:00,Ankara’dan Libya’da “Musul” önlemi
2014-06-16 00:00:00,Ala: “Türkiye’yi demokratik hale getirmeye çalışıyoruz”
2014-06-18 00:00:00,Türkiye El Nusra’yı terör listesinden çıkardı mı?
2014-06-23 00:00:00,Kurtulmuş: “Askerden sonra sıra MB ve yargıda”
2014-06-23 00:00:00,Melih Gökçek’in Twitter hesabı kurtarıldı
2014-06-24 00:00:00,Başbakan’dan sürpriz görüşmeler
2014-06-24 00:00:00,Davutoğlu’ndan Kerkük açıklaması
2014-06-24 00:00:00,Başbakan’ın dili sürçtü: “Pensilvanya’daki yatışım…”
2014-06-28 00:00:00,“Fethullah Gülen parti kuruyor” iddiası
2014-06-28 00:00:00,Ramazan başladı
2014-06-28 00:00:00,Başbakan’a 402 yeni danışman geliyor
2014-07-01 00:00:00,Erdoğan’ın seçim logosu belli oldu
2014-07-05 00:00:00,Erdoğan’ın logosu ile ilgili yeni iddia yalan çıktı
2014-07-07 00:00:00,Erdoğan: “Obama ile Merkel de seçilirken çekilmedi”
2014-07-08 00:00:00,Erdoğan’ın oğlu Mısır’la ticaret mi yapıyor?
2014-07-11 00:00:00,Gökçek’ten Tilbe’ye destek
2014-07-15 00:00:00,Milli Piyango’ya Net Şans-Hitay’dan 5.83 milyar TL
2014-07-15 00:00:00,ABD Başkonsolosluğu iftarı Diyarbakır’ı karıştırdı
2014-07-16 00:00:00,ABD Senatosu’nda “Erdoğan otoriterleşti mi?” tartışması
2014-07-18 00:00:00,Gazze meselesinde Kürecik radarı tartışması
2014-07-19 00:00:00,Erdoğan: “Bu millet vazo değil başkumandan seçiyor”
2014-07-20 00:00:00,Dışişleri’nden Kılıçdaroğlu’na “Kürecik radarı” yanıtı
2014-07-20 00:00:00,Erdoğan: “Asıl kırıcı davranan Amerika’dır”
2014-07-21 00:00:00,Başbakan’dan “Yahudi nişanı” açıklaması
2014-07-21 00:00:00,CHP’li vekiller Gazze’ye gidiyor
2014-07-23 00:00:00,“Obama’yla görüşemiyoruz” sözleri gündemde
2014-07-24 00:00:00,Yahudi Kongresi Erdoğan’a verdiği ödülü geri istedi
2014-07-27 00:00:00,Günay: “Erdoğan Mavi Marmara’ya öfkelendi”
2014-07-28 00:00:00,Erdoğan’dan eski vekillerine “paralel ziyaret” tepkisi
2014-07-30 00:00:00,100 milyon dolar imar izni için mi verildi?
2014-07-31 00:00:00,Yurt dışında oy verme işlemi başladı
2014-07-31 00:00:00,Erdoğan: “Alın ödülünüzü başınıza çalın”
2014-07-31 00:00:00,CHP’li Gök’ten Başbakan’a: “Torunun ABD doğumlu”
2014-08-02 00:00:00,Erdoğan: “Masum çocukların ahı İsrail’den sorulur”
2014-08-03 00:00:00,Gazze’de BM okulu vuruldu: En az 10 ölü
2014-08-05 00:00:00,Çeşme’de bodyguard dayağı
2014-08-06 00:00:00,Dolar dört ayın zirvesinde; 2.16 TL’yi aştı
2014-08-07 00:00:00,Erdoğan’dan gazeteciye: “Militan edepsiz kadın”
2014-08-07 00:00:00,Erdoğan’ın Ermenilere yönelik sözleri tartışılıyor
2014-08-08 00:00:00,ABD müdahalesiyle rehine krizi yeniden tartışılıyor
2014-08-09 00:00:00,Savunma Bakanı: “IŞİD’e operasyon söz konusu değil”
2014-08-09 00:00:00,Doğan Medya’daki ayrılıkların yankısı sürüyor
2014-08-10 00:00:00,Musul rehine krizi 3′üncü ayına giriyor
2014-08-12 00:00:00,Obama’dan Erdoğan’a tebrik telefonu
2014-08-13 00:00:00,IŞİD komutanı Reyhanlı’da ABD basınına konuştu
2014-08-13 00:00:00,Türkiye sınırları içinde PKK’dan IŞİD’e operasyon
2014-08-15 00:00:00,Süleyman Seba’yı binler uğurladı
2014-08-15 00:00:00,Yeni Şafak yazarı: “Boğaziçi Bilkent ODTÜ yıkılmalı”
2014-08-21 00:00:00,Buzlu su kampanyasının yaratıcısı öldü
2014-08-22 00:00:00,ALS için buzlu su döken çok bağış yapan az
2014-08-23 00:00:00,Erdoğan’ın yemin törenine uluslararası katılım
2014-08-25 00:00:00,ALS’ye bağış 331 bin liraya ulaştı
2014-08-26 00:00:00,Hollanda Türkiye’deki Patriotlarını geri çekiyor
2014-08-27 00:00:00,Erdoğan AK Parti’ye veda etti: “Davutoğlu emanetçi değil”
2014-08-27 00:00:00,Obama yemin törenine maslahatgüzar gönderiyor
2014-08-29 00:00:00,Erdoğan’ın yeni uçağı İstanbul’da
2014-09-01 00:00:00,Cumhurbaşkanı Erdoğan’dan dinleme iddialarına açıklama
2014-09-01 00:00:00,Arınç’tan rehine krizine yönelik açıklama
2014-09-01 00:00:00,Yeni Şafak’ yazarından “Başkanın uçağı” gafı
2014-09-01 00:00:00,Dışişleri’nden “dinleme” açıklaması
2014-09-04 00:00:00,NATO Zirvesi bugün başladı
2014-09-07 00:00:00,Ulusal basında “Gülen”e karşı ortak manşetler
2014-09-08 00:00:00,ABD Savunma Bakanı IŞİD için Ankara’da
2014-09-08 00:00:00,Bülent Arınç: “İş kazası olduğu anlaşılıyor”
2014-09-09 00:00:00,Ankara IŞİD’e karşı koalisyonda yer alacak mı?
2014-09-09 00:00:00,“ABD Gülen’i iade edecek” tartışması
2014-09-09 00:00:00,Dolar beş ayın zirvesinde; 2.20 TL’yi gördü
2014-09-11 00:00:00,Türkiye ekonomisi 18′inci sıraya geriledi
2014-09-11 00:00:00,“Teftiş Kurulu Başkanı Bilal Erdoğan’ın arkadaşı” iddiası
2014-09-12 00:00:00,Kerry IŞİD için Erdoğan ve Davutoğlu ile görüştü
2014-09-12 00:00:00,FED Ziraat Bankası’nın faaliyetini durdurdu
2014-09-12 00:00:00,Türkiye IŞİD bildirgesine imza atmadı
2014-09-13 00:00:00,Türkiye IŞİD’in insan kaynağı mı oldu?
2014-09-14 00:00:00,NYT’den “Türkiye IŞİD petrolü alıyor” iddiası
2014-09-14 00:00:00,Erdoğan’dan IŞİD açıklaması: “Teröre tavır bellidir”
2014-09-17 00:00:00,CHP liderinden Ocaktan’a: “Ozon tabakasını delen de CHP”
2014-09-17 00:00:00,Adnan Menderes idam edilmesinin 53′üncü yılı
2014-09-17 00:00:00,Erdoğan’dan NYT’ye: “Alçaklıktır adiliktir edepsizliktir”
2014-09-17 00:00:00,Güvenlik Zirvesi’nden “IŞİD’e karşı işbirliğine devam” kararı
2014-09-18 00:00:00,IŞİD koalisyonuna destek verenler listesinde Türkiye yok
2014-09-18 00:00:00,Dolar 6 ayın zirvesinde
2014-09-18 00:00:00,Kopyalanan bilgilerde Obama’nın imzası unutuldu
2014-09-18 00:00:00,Erdoğan’dan Habertürk’e “frikik” uyarısı iddiası
2014-09-20 00:00:00,IŞİD: “Türkiye ile müzakere ettik”
2014-09-20 00:00:00,Kurtarma “CIA hamlesi” diyen Tayyar’dan geri adım
2014-09-22 00:00:00,Edip Başer: “Büyük Kürdistan’a doğru gidiyoruz”
2014-09-22 00:00:00,CIA Başkanı’ndan Hakan Fidan’a tebrik telefonu
2014-09-23 00:00:00,Erdoğan New York Times’la görüşmeyi reddetti
2014-09-23 00:00:00,Taksim’de ABD’nin IŞİD operasyonuna protesto
2014-09-24 00:00:00,Başbakanlık: “İncirlik IŞİD’e karşı kullanılmadı”
2014-09-24 00:00:00,Erdoğan’a “Oval Ofis” benzeri oda
2014-09-24 00:00:00,“Erdoğan Sisi ile görüşecek” iddiasına Köşk’ten yalanlama
2014-09-24 00:00:00,Erdoğan: “IŞİD terör örgütüdür”
2014-09-24 00:00:00,Erdoğan’dan IŞİD yorumu: “Gereken desteği vereceğiz”
2014-09-24 00:00:00,Obama’dan kopyalanan bilgiler çıktı; hesap kaldı
2014-09-24 00:00:00,Akdoğan’dan “IŞİD’le mücadele” açıklaması
2014-09-25 00:00:00,Akif Beki: “Türkiye ABD’yi köşeye sıkıştırdı”
2014-09-25 00:00:00,Adem Yavuz Arslan: “Erdoğan’ın danışmanları bana saldırdı”
2014-09-25 00:00:00,Star gazetesi boş olan salonu doldurdu
2014-09-25 00:00:00,ABD’den Türkiye’deki vatandaşlarına terör uyarısı
2014-09-26 00:00:00,Erdoğan’ın korumalarına ABD’deki Türklerden tepki
2014-09-26 00:00:00,Fatih Camii’nde ABD ve Esad karşıtı eylem
2014-09-27 00:00:00,Demirtaş: “Kobani düşmek üzere”
2014-09-27 00:00:00,HSYK tartışmalarına Erdoğan da katıldı
2014-09-28 00:00:00,Cumhurbaşkanı’ndan iPhone kuyruğu eleştirisi
2014-09-29 00:00:00,DEİK’in yeni başkanı MÜSİAD eski Başkanı Vardan
2014-09-29 00:00:00,Dolar 8 ayın zirvesine ulaştı; Zeybekci “Endişe yok” dedi
2014-09-29 00:00:00,Türk firmasından Harvard’a 24 milyon dolar bağış
2014-10-01 00:00:00,Gündemdeki tartışma: Süleyman Şah Türbesi
2014-10-01 00:00:00,WSJ: “AK Saray için harcanan para ile Mars’a üç uydu giderdi”
2014-10-02 00:00:00,CNN Türk’te Kobani’deki çatışmalar tartışıldı
2014-10-03 00:00:00,Fitch Türkiye’nin kredi notunu değiştirmedi
2014-10-04 00:00:00,Erdoğan Biden’i yalanladı: “İspatlasın”
2014-10-04 00:00:00,Biden’in sözcüsünden medyaya diplomatik açıklama
2014-10-07 00:00:00,ABD’den Türkiye’ye “Esad” cevabı: “IŞİD’e odaklandık”
2014-10-11 00:00:00,Petrol fiyatları düştü
2014-10-13 00:00:00,IŞİD’den Türkiye sınırında intihar saldırısı
2014-10-13 00:00:00,Bakan Çavuşoğlu: “İncirlik’le ilgili bir karar yok”
2014-10-16 00:00:00,Taraf yazarı Perihan Mağden: “Garipoğlu’na haksızlık ettik”
2014-10-16 00:00:00,“Ebola biyolojik silahı” iddiası
2014-10-17 00:00:00,Davutoğlu’nun danışmanı: “Kobani PR kampanyası”
2014-10-19 00:00:00,Cumhurbaşkanı Erdoğan ile Obama görüştü
2014-10-20 00:00:00,Ajanlıkla suçlanan yabancı gazeteci kazada öldü
2014-10-20 00:00:00,Peşmergenin Türkiye üzerinden Kobani’ye geçişine izin verildi
2014-10-20 00:00:00,TSK’dan peşmerge yorumu: “Konunun muhatabı değiliz”
2014-10-21 00:00:00,Erdoğan’ın gündemi yine Berkin Elvan oldu
2014-10-21 00:00:00,ABD’nin silah yardımı ve peşmergeye geçiş izni tartışılıyor
2014-10-21 00:00:00,Davutoğlu: “Molotof bir saldırı aracıdır”
2014-10-22 00:00:00,Türkiye’de Ebola’dan sonra MERS korkusu
2014-10-22 00:00:00,Erdoğan: “Obama’ya peşmerge teklifini ben yapmıştım”
2014-10-22 00:00:00,ABD’nin attığı bazı silahlar IŞİD’in eline geçti
2014-10-23 00:00:00,Erdoğan: “ABD Türkiye’ye rağmen silah yardımı yaptı”
2014-10-23 00:00:00,HDP lideri Demirtaş: “Hükümetin hedefi benim”
2014-10-24 00:00:00,Kobani’de çatışmalar yeniden şiddetlendi
2014-10-24 00:00:00,Erdoğan: “PYD ÖSO desteğini kabul etti”
2014-10-24 00:00:00,Kurtulmuş: “Bir ülkeye kara harekatı kolay değil”
2014-10-25 00:00:00,İstanbul’daki konsolosluklarda “Sarı toz” alarmı
2014-10-25 00:00:00,ABD: “ÖSO’nun Kobani’ye gitmesini destekliyoruz”
2014-10-26 00:00:00,Erdoğan “PKK ve HDP Türkiye’de barışı istemiyor”
2014-10-27 00:00:00,Tozlu zarflarda biyolojik harp maddesine rastlanmadı
2014-10-30 00:00:00,Urfa’da peşmergeye “Yaşasın Obama”  sloganıyla karşılama
2014-10-31 00:00:00,Erdal İnönü anılıyor
2014-11-03 00:00:00,Türk firması İngiliz bisküvi devini satın aldı
2014-11-03 00:00:00,Bayık: “Çözüm süreci için ABD gözlemci olsun”
2014-11-11 00:00:00,Fatih Altaylı “uzun tatile” çıktı
2014-11-12 00:00:00,İstanbul’da ABD askerine çuval geçirildi; ABD kınadı
2014-11-12 00:00:00,Tuğluk: “Süreç bitirildi; bizim ilan etmemiz isteniyor”
2014-11-13 00:00:00,Kobani’deki çatışmalarda 2 ay geride kaldı
2014-11-13 00:00:00,Akşam’dan Hamas’a: “Terör örgütü”
2014-11-13 00:00:00,RTÜK uzmanından öpüşme analizi: “Lip-o-suction”
2014-11-14 00:00:00,AK Partili vekilin 26 yaşındaki oğlu bakanlık müşaviri oldu
2014-11-15 00:00:00,Cumhurbaşkanı Erdoğan: “Küba’nın tepesine cami yakışır”
2014-11-16 00:00:00,İspanyol basınından Erdoğan’a Kolomb sorusu: “İspatla”
2014-11-16 00:00:00,Müslümanların Amerika’yı keşfi ve Küba’ya cami gündemde
2014-11-16 00:00:00,Davutoğlu ve Obama’dan farklı Esad açıklaması
2014-11-17 00:00:00,Dilipak: “Kolomb’dan önce İstanbul’da Kızılderili gelin vardı”
2014-11-18 00:00:00,Erdoğan’dan Amerika’nın keşfi eleştirilerine yanıt
2014-11-19 00:00:00,Hatem Yavuz’dan çevrecileri kızdıracak marka
2014-11-19 00:00:00,Garanti Bankası İspanyollara satıldı
2014-11-20 00:00:00,AK Saray emlak sitesinde satılığa çıkarıldı
2014-11-20 00:00:00,Deniz Gezmiş’in annesi yaşamını yitirdi
2014-11-21 00:00:00,ABD Başkan Yardımcısı Biden İstanbul’da
2014-11-21 00:00:00,Bozdağ’dan Saray savunması: “Pembe Köşk’te de bilardo var”
2014-11-22 00:00:00,Erdoğan-Biden görüşmesi: “Fikir birliği içindeyiz”
2014-11-26 00:00:00,Çavuşoğlu: “Dünyada Twitter takipçisi en çok bizde”
2014-11-27 00:00:00,İfade veren Egemen Bağış: “Hediye Türk geleneği”
2014-11-27 00:00:00,Sabah: “Paralel’i CIA ve MOSSAD yönetiyor”
2014-11-29 00:00:00,Kobani’deki çatışmalar sınıra 25 metrede
2014-12-04 00:00:00,ABD Büyükelçiliği’nden Gaziantep’te saldırı uyarısı
2014-12-04 00:00:00,“AK Saray” için açılan davada Atatürk’ün vasiyetine bakılacak
2014-12-04 00:00:00,Şişli Belediyesi’nde İnönü-Sarıgül gerilimi
2014-12-04 00:00:00,ABD askerlerinin başına çuval geçirenlere 10 yıl hapis talebi
2014-12-05 00:00:00,Türkiye’nin ilk Kültür Bakanı Halman vefat etti
2014-12-05 00:00:00,Tatlıses: “Saray milletin; bunu göremediniz”
2014-12-06 00:00:00,Cumhurbaşkanı: “Polis kendisini savunmayacak mı?”
2014-12-07 00:00:00,Russell Crowe: “Avustralya’yı Müslümanlar keşfetmiş olabilir”
2014-12-12 00:00:00,Dolar iki ayın zirvesinde; 2.30 TL’yi geçti
2014-12-13 00:00:00,"“ABD’li Başkonsolos, Türk genciyle evleniyor” iddiası"
2014-12-14 00:00:00,CHP’li Haluk Koç’tan yeni “torpil” listesi
2014-12-15 00:00:00,Dolarda tarihi rekor; 2.40 TL’ye dayandı
2014-12-16 00:00:00,“Digitürk Katar şeyhine satıldı” iddiası
2014-12-17 00:00:00,Erdoğan’dan Gülen’e: “Elini kolunu bağlayan yok ki gel”
2014-12-18 00:00:00,Nazlı İnönü suçladı; Sarıgül yalanladı
2014-12-19 00:00:00,Fuat Avni ile Gülerce yeniden karşı karşıya
2014-12-19 00:00:00,Fethullah Gülen hakkında yakalama talebi
2014-12-22 00:00:00,Bulaç Dilipak’ı doğruladı: “AK Parti bir Amerikan projesiydi”
2014-12-23 00:00:00,Rektör: “Tayt ya da mini etekle üniversiteye gelinmez”
2014-12-26 00:00:00,Davutoğlu: “‘Dönemin başbakanı’ dedikleri kişi…”
2014-12-27 00:00:00,Bülent Arınç: “Arkadan vurulduk”
2014-12-29 00:00:00,Türk ekonomisi iki basamak geriledi
2014-12-29 00:00:00,Gülen’in pasaportunun iptaline Danıştay vizesi
2014-12-31 00:00:00,Türkiye’de 2014 böyle geçti
2015-01-02 00:00:00,MEB’den yeni “değerler eğitimi”
2015-01-03 00:00:00,Dumanlı’dan ABD basınında ağır Erdoğan eleştirisi
2015-01-04 00:00:00,Tatlıses milletvekili adaylığını duyurdu
2015-01-07 00:00:00,ÖDP lideri Taş: “Türkiye’de ‘devrimci ilahiyat’ gerek”
2015-01-08 00:00:00,Kadri Gürsel: “Fransa’nın Madımak’ı”
