@morningmoneyben,1812
@jpodhoretz,1610
@daveweigel,1544
@ianbremmer,1219
@mattyglesias,1165
@GlennF,1120
@TheStalwart,1119
@samsteinhp,1100
@ReformedBroker,1100
@jimgeraghty,1012
@KailiJoy,984
@KagroX,980
@BuzzFeedAndrew,977
@zerohedge,973
@Talkmaster,954
@ananavarro,953
@lizzwinstead,934
@StirringTrouble,912
@dandrezner,910
@DavidKaib,859
@joshtpm,850
@ethanklapper,829
@jeffpearlman,816
@Green_Footballs,810
@markknoller,765
@ron_fournier,737
@joshuafoust,735
@LaMonicaBuzz,706
@MattBinder,701
@rilaws,692
@benshapiro,689
@TheFix,679
@randomsubu,666
@eliasisquith,652
@CharlieDaniels,648
@JohnJHarwood,647
@AntDeRosa,642
@fmanjoo,635
@mileskahn,625
@JonahNRO,606
@rolandsmartin,605
@danprimack,605
@realDonaldTrump,603
@edsbs,592
@ClaraJeffery,592
@sahilkapur,587
@MiaFarrow,572
@piersmorgan,564
@7im,559
@monaeltahawy,556
@chrislhayes,552
@Max_Fisher,547
@anildash,535
@robdelaney,534
@davidfrum,533
@ThePlumLineGS,529
@EricStangel,520
@edbott,511
@LukeRussert,509
@ditzkoff,504
@michaelianblack,503
@chrisgeidner,495
@HowardKurtz,487
@jonlovett,485
@nycjim,481
@drewmagary,480
@DanAmira,478
@DavidCornDC,476
@chucktodd,475
@zackbeauchamp,470
@TinaDupuy,464
@KevinWGlass,461
@JeffreyGoldberg,459
@ExumAM,457
@JoyceCarolOates,455
@grossdm,452
@jonathanwald,449
@rickklein,437
@VonniMediaMogul,436
@greta,435
@ZekeJMiller,435
@BetteMidler,427
@Timodc,425
@politicoroger,424
@ByronYork,419
@thisisjendoll,416
@IngrahamAngle,410
@FeldmanAdam,405
@nprmonkeysee,400
@pkedrosky,398
@KatrinaNation,396
@PerezHilton,394
@BenStandig,392
@JustinWolfers,390
@nickconfessore,388
@BCAppelbaum,387
@AlecMacGillis,387
@SuzyWelch,384
@anamariecox,383
@jaketapper,380
@EdMorrissey,370
@AnonyOps,366
@mattzollerseitz,365
@stacyherbert,362
@AriMelber,361
@alexanderiburns,358
@carlbildt,357
@ggreenwald,355
@pareene,354
@anylaurie16,352
@OccupyWallStNYC,352
@ChrisWarcraft,350
@RonanFarrow,346
@AHMalcolm,342
@MrChuckMartin,342
@BeckyGMartinez,337
@ASE,335
@markmackinnon,332
@conor64,330
@pattonoswalt,329
@Justin_Stangel,329
@therealroseanne,326
@neetzan,326
@mpoindc,325
@birbigs,325
@thegarance,321
@brianjameswalsh,321
@radleybalko,318
@michellemalkin,315
@sternbergh,313
@pete_schultz,312
@wilw,309
@petridishes,305
@CharlesMBlow,300
@jim_newell,299
@IrvineWelsh,296
@kevinroose,294
@NickKristof,292
@petersuderman,292
@AriFleischer,292
@RealDLHughley,290
@markos,289
@JWGOP,283
@kellyoxford,282
@TheEllenShow,280
@ezraklein,277
@JonMediaWeb,276
@BahmanKalbasi,276
@politicalwire,272
@Convertbond,272
@strobetalbott,272
@Ihnatko,267
@RichardHaass,267
@DylanByers,266
@ChrisCuomo,265
@greenhousenyt,264
@carney,264
@acarvin,263
@costareports,261
@AndyRichter,261
@aterkel,261
@AlbertBrooks,259
@ChemiShalev,259
@kathrynlopez,257
@jackshafer,257
@thegoodhuman,254
@BresPolitico,252
@jeffzeleny,250
@leahmcelrath,249
@mitchellreports,248
@yoyoha,248
@SethAbramovitch,246
@JoshElliott32,244
@emilybell,242
@mtomasky,241
@matthewjdowd,240
@maureenjohnson,239
@SenTedCruz,238
@jdickerson,237
@rebeccagberg,236
@JHWeissmann,235
@jtannenwald,235
@gregorydjohnsen,235
@jianghomeshi,233
@kevin_powell,233
@kingsthings,233
@felixsalmon,233
@jonathanchait,233
@RabbiShmuley,231
@ryangrim,229
@Reince,228
@AdamSank,228
@BillWeirCNN,225
@kausmickey,224
@cenkuygur,220
@SpeakerBoehner,219
@joshuatopolsky,219
@GroverNorquist,219
@DanaPerino,219
@LarrySabato,216
@joshgroban,215
@DouthatNYT,214
@liamstack,213
@jamesoliphant,213
@JakeSherman,212
@fakedansavage,209
@JoshuaGreen,208
@GhostPanther,208
@billmaher,208
@ZachBroussard,207
@levie,206
@rickygervais,206
@joanwalsh,205
@RyanLizza,200
@EliLake,199
@AdrianChen,199
@zachbraff,197
@jedlewison,197
@imchriskelly,197
@BillyMerritt,197
@NancyPelosi,197
@thelittleidiot,196
@BlanksSlate,196
@SenGillibrand,196
@baratunde,196
@MMFlint,196
@AnnaHolmes,194
@ConanOBrien,194
@Ed_Husain,194
@jenanmoussa,193
@AlexPappas,192
@chucknicecomic,192
@EHolmesWSJ,192
@lenadunham,191
@TomArnold,189
@hillhulse,189
@MarkHalperin,188
@SenatorReid,188
@BruceLaBruce,187
@rainnwilson,186
@keithellison,186
@BarackObama,183
@WhiteHouse,183
@BadAstronomer,183
@Baird,182
@Joan_Rivers,180
@RobLowe,179
@carr2n,179
@quintywinties,179
@ComedyCentral,179
@alexmassie,177
@UncleRUSH,177
@kirstiealley,177
@PaulBlu,177
@LoniLove,175
@weeddude,173
@BuzzFeedBen,173
@edhenry,172
@AnnCoulter,171
@JamesWolcott,171
@davidaxelrod,169
@CoryBooker,168
@marcambinder,168
@BiancaJagger,168
@MarleeMatlin,166
@maggiepolitico,165
@TimothyNoah1,164
@EJDionne,164
@silvermanjacob,163
@PaulBegala,163
@JoeNBC,162
@amyewalter,161
@SenJohnMcCain,159
@NivenJ1,158
@AskDrRuth,157
@TheDailyShow,157
@BoyGeorge,155
@marcmaron,154
@FrEdwardBeck,154
@EricCantor,150
@joekellyjk47,149
@jimrome,149
@gabrielsnyder,149
@gaberivera,149
@SteveKornacki,148
@ryanavent,147
@brithume,147
@BeschlossDC,146
@cschweitz,146
@MelissaJoanHart,146
@marykissel,145
@JDL1185,145
@alexis_levinson,145
@joshrogin,145
@JohnCornyn,143
@PeterBeinart,143
@gregorykorte,143
@BrianJMoylan,142
@GrahamBlog,142
@KennethCole,141
@DanielLarison,141
@GoldyHA,141
@caitlinmoran,139
@ilyseh,139
@SenSchumer,139
@DrDigiPol,138
@MajorCBS,138
@meganamram,138
@tnyCloseRead,137
@OC,136
@RichardEngel,135
@HadleyFreeman,135
@BenFellerNY,135
@fredthompson,134
@DannyWoodburn,134
@jackiejcollins,133
@ariannahuff,133
@NikkiGlaser,133
@WilliamShatner,133
@susanorlean,129
@KeithOlbermann,128
@DLeonhardt,128
@SenRandPaul,128
@jacobwe,127
@arishapiro,127
@SenatorCardin,126
@laurasnapes,125
@snooki,124
@secupp,124
@EmileHirsch,123
@sardesairajdeep,123
@DRUDGE,123
@A_Grossman,123
@lisarinna,122
@Sherman_Alexie,122
@McFaul,122
@FrankPallone,121
@questlove,121
@JasonBiggs,120
@timkaine,120
@ChrisRyanPhD,119
@feliciaday,118
@davidmwessel,118
@GreatDismal,118
@jimmyfallon,118
@wikileaks,118
@leannrimes,118
@murphymike,117
@CheriJacobus,117
@Beyerstein,117
@StephenAtHome,117
@mashable,116
@RBReich,116
@PeterHambyCNN,115
@AliceDreger,115
@jonathanalter,114
@DanaBashCNN,114
@newtgingrich,112
@neiltyson,112
@JeffDSachs,112
@SenFeinstein,112
@IJasonAlexander,112
@TerryMoran,112
@AdrianneCurry,111
@sherryrehman,111
@simonpegg,110
@NateSilver538,109
@MeghanMcCain,109
@Rosie,109
@Alyssa_Milano,109
@rupertmurdoch,108
@JohnAvlon,108
@ChelseaVPeretti,108
@latoyajackson,108
@campsucks,107
@JoannaStern,107
@Peoples_Pundit,107
@JohnCassidy,106
@danielpmcdermot,106
@PaulaAbdul,105
@AnandWrites,105
@SecretsBedard,105
@rdotinga,104
@johncusack,104
@CarsonDaly,104
@caityweaver,104
@SusanPage,104
@JamesFallows,104
@THEHermanCain,103
@unfoRETTAble,103
@JohnRentoul,103
@EricaJong,103
@SenSanders,102
@CitizenCohn,102
@RichardDawkins,102
@katiecouric,101
@KatieS,101
@John_Hudson,101
@Ruth_A_Buzzi,101
@Kasparov63,101
@wkamaubell,101
@seanspicer,100
@SteveMartinToGo,99
@RoyBlunt,99
@mariashriver,98
@MarkLeibovich,96
@Roygeneable,96
@SteveForbesCEO,96
@HarveyFierstein,95
@RameshPonnuru,95
@HalaGorani,95
@SenatorKirk,95
@David_Cameron,94
@mcmoynihan,94
@MarshaBlackburn,93
@hodgman,93
@NikkiFinke,93
@MikeBloomberg,92
@jenniferweiner,92
@MichaelChiklis,92
@fstonenyt,91
@billmckibben,91
@JeffreyFeldman,91
@KevinMaddenDC,90
@RyanSeacrest,90
@SenScottBrown,90
@mindykaling,89
@JohnFDaley,89
@WilliamJHague,88
@AriBerman,88
@artiequitter,88
@JohnKerry,88
@GovChristie,87
@AmbassadorRice,87
@JacksonDiehl,87
@KellyOsbourne,87
@amanda_hocking,87
@RNicholasBurns,87
@mckonomy,86
@stephenfry,86
@ClipperChip,86
@SarahPalinUSA,86
@ManBartlett,86
@paulocoelho,85
@reihan,84
@MichaelAusiello,84
@mountain_goats,84
@SenatorMenendez,84
@kentucker,84
@SenatorDurbin,84
@hilaryr,84
@SarahKSilverman,83
@seanhannity,83
@johnjcook,83
@BobbyJindal,83
@DarrellIssa,83
@Arightside,82
@jack_welch,82
@passerpiccolo,82
@AshleyRParker,81
@SenatorBoxer,81
@MarioLopezExtra,81
@cher,81
@ParisHilton,81
@carlreiner,80
@bengoldacre,80
@TheRichardLewis,79
@thatbilloakley,79
@SandraBernhard,79
@maureenoco,79
@jessetyler,78
@pmharper,78
@ericstonestreet,78
@SenBobCasey,77
@mollymcnearney,77
@MileyCyrus,77
@SCClemons,77
@pfeiffer44,76
@SenatorCarper,76
@UN,76
@MarkUdall,76
@nikkalanz,76
@SamuelLJackson,75
@rosemcgowan,74
@rustyrockets,74
@SandraFluke,74
@SenJeffMerkley,74
@atlasshrugs,74
@clairecmc,73
@RL_Stine,73
@SenatorBarb,73
@SenDanCoats,73
@sethmeyers,73
@adammshankman,72
@BDUTT,72
@billyraycyrus,72
@kdrum,72
@SethMacFarlane,71
@rachaelray,71
@GeorgeTakei,71
@iamdiddy,71
@ChuckGrassley,71
@WilliamFreeland,70
@richardquest,70
@diablocody,70
@ChristineOD,70
@Lis_Smith,70
@TheRealNimoy,69
@MicheleBachmann,69
@glennbeck,69
@alaindebotton,69
@lisaling,69
@richardbranson,69
@kerstinshamberg,68
@garyvee,68
@Austan_Goolsbee,68
@JECarter4,68
@greggiroux,67
@GavinNewsom,67
@ThatKevinSmith,67
@joancollinsobe,66
@karaswisher,66
@BBCMarkMardell,66
@EthanZ,66
@justinbieber,66
@Isobel_Coleman,66
@TheBorisBecker,66
@Pontifex,66
@ANNELAMOTT,66
@marincogan,66
@Sethrogen,65
@camanpour,65
@MartinSchulz,65
@donlemon,65
@PattyMurray,65
@Alancumming,64
@ElizabethBanks,64
@ChelseaClinton,64
@GeraldFSeib,64
@GarryShandling,64
@marcorubio,64
@pemalevy,63
@vj44,63
@vanderjames,63
@WynonnaMusic,63
@MichaelSteele,63
@JessicaMontell,63
@katyperry,63
@bobsaget,63
@AnnaKendrick47,62
@copyranter,62
@frankrichny,62
@Morning_Joe,62
@JulietteLewis,62
@peeweeherman,62
@AndersFoghR,61
@PattyArquette,61
@ActuallyNPH,61
@lolojones,61
@SenJackReed,61
@giacomonyt,61
@lilyallen,61
@marieosmond,60
@joerogan,60
@ValerieAmos,60
@klustout,60
@ESQPolitics,59
@katewalsh,59
@Richard_Florida,59
@Cmdr_Hadfield,59
@Aaronhicklin,59
@jtimberlake,59
@NancySinatra,59
@DiDimond,59
@jimmykimmel,59
@babyrabies,58
@MelissaEGilbert,58
@kathygriffin,58
@JordinSparks,58
@JerryRice,58
@ChrisCoons,58
@financialissues,58
@koxinga21,58
@JenGranholm,57
@mattbish,57
@JoeTrippi,57
@BillMoyersHQ,57
@DavidGrann,57
@DavidSpade,57
@DrOz,56
@JeffreyToobin,56
@gabrielsherman,56
@flaviajackson,56
@JennyMcCarthy,56
@RickSantorum,56
@SenatorLeahy,55
@husainhaqqani,55
@RealJamesWoods,55
@nancyodell,55
@shushwalshe,55
@andersoncooper,55
@FrankBruni,55
@evanrachelwood,55
@margaretcho,54
@SenatorTimScott,54
@KimKardashian,54
@ForestWhitaker,54
@UN_Spokesperson,54
@jheil,54
@eucopresident,54
@SenatorHagan,54
@TinaBrownLM,54
@DebraMessing,53
@suttonnick,53
@alfranken,53
@Pogue,53
@NICKIMINAJ,53
@LoganLevkoff,53
@JohnDingell,53
@SamSifton,53
@realjonlovitz,53
@billburton,53
@sallyquinndc,52
@debimazar,52
@JohnStamos,52
@KingJames,52
@ladygaga,52
@BernardGoldberg,51
@SenatorWicker,51
@taylorswift13,51
@maziehirono,51
@MarkWarner,51
@davidgregory,51
@Nouriel,51
@RuthDavidsonMSP,51
@JMDBarroso,51
@Number10gov,50
@tomcolicchio,50
@RealRonHoward,50
@SherriEShepherd,50
@rihanna,50
@GovernorPerry,50
@Kateplusmy8,50
@chrisrock,50
@mtaibbi,49
@netanyahu,49
@Peston,49
@PeterSokolowski,49
@DarcyBurner,49
@johnboehner,49
@MarkRuffalo,49
@KChenoweth,49
@GovGaryJohnson,49
@johannhari101,49
@LanceBass,48
@bensherwood,48
@DennisDMZ,48
@nancefinance,48
@tomperriello,48
@RuPaul,48
@tyrabanks,48
@Slash,48
@LeezaGibbons,48
@paulfeig,48
@RickWarren,47
@neilhimself,47
@nathanLfuller,47
@erikpiepenburg,47
@EvaLongoria,47
@lucymarcus,47
@IvankaTrump,47
@bronk,47
@edshow,47
@DeepakChopra,47
@blakehounshell,47
@DavidShuster,46
@charltonbrooker,46
@RealHughJackman,45
@Bourdain,45
@SuzeOrmanShow,45
@VanJones68,45
@finneyk,45
@KristaVernoff,45
@MsMelanieSykes,45
@colsonwhitehead,45
@ricky_martin,45
@joepompeo,45
@SenatorShaheen,45
@markopp1,45
@cptime,44
@Busyphilipps25,44
@pitbull,44
@tiesto,44
@BretEastonEllis,44
@YO_RANDYJACKSON,44
@cyndilauper,44
@imamjohari,44
@SenJohnThune,44
@RobinRoberts,44
@GovMikeHuckabee,44
@GloriaEstefan,43
@JessicaBiel,43
@RickiLake,43
@rodrikdani,43
@KendraWilkinson,43
@SavannahGuthrie,43
@EricIdle,43
@cdpolicano,43
@jayleno,42
@daxshepard1,42
@SariHorwitz,42
@iamwill,42
@cool_pond,42
@SenatorTomUdall,42
@yokoono,42
@vika7,42
@RumsfeldOffice,42
@HankAzaria,42
@MarthaStewart,42
@gelhaddad,41
@SenatorBurr,41
@hwinkler4real,41
@LoriPerkinsRAB,41
@ksnavarra,41
@mariansalzman,41
@morgfair,41
@SenOrrinHatch,40
@aishatyler,40
@Freakyjean99,40
@JimCarrey,40
@wyclef,40
@mortreport,40
@jasoncollins98,40
@ralphmacchio,40
@andyrNYT,40
@Edpilkington,40
@CharlieCrist,39
@AmbShapiro,39
@ChrissieEvert,39
@wizkhalifa,39
@EllenBarkin,39
@RitaWilson,39
@ToryAnarchist,39
@MikeCrapo,39
@kevinrose,39
@JimDeMint,39
@llcoolj,38
@aliciakeys,38
@kevinbacon,38
@NorahODonnell,38
@mortsahlsays,38
@MollyRingwald,38
@TheOliverStone,38
@NeilMacFarquhar,38
@AnnCurry,38
@Wolfiesmom,38
@BarbaraDemick,38
@Oprah,38
@EdWGillespie,38
@dvmurrell,38
@gatorboyrb,38
@chelliepingree,38
@DrewFromTV,37
@arneduncan,37
@SlaughterAM,37
@MariahCarey,37
@DionNissenbaum,37
@1capplegate,37
@NajibRazak,37
@NiaVardalos,37
@georgelopez,37
@britneyspears,37
@deesnider,36
@ddlovato,36
@drewbrees,36
@rosieperezbklyn,36
@JohnKingCNN,36
@SHAQ,36
@iamjamiefoxx,36
@SherylCrow,36
@algore,36
@MarkLevineTalk,36
@Richardson_Mich,36
@AmbDermer,36
@kathynajimy,36
@SusanSarandon,36
@Peggynoonannyc,36
@SpikeLee,36
@kvox,36
@Artj97,35
@BeckyCNN,35
@Alex_Ogle,35
@Jaime_King,35
@Paula_Deen,35
@zoesaldana,35
@ShannonElizab,35
@SteveCase,35
@mattfleg,35
@itstonybennett,34
@GayleKing,34
@morningmika,34
@Redistrict,34
@GaelGreene,34
@dmarron,34
@MichaelKors,34
@carol_e_lee,34
@TheScienceGuy,34
@RealMichelleT,34
@chrisbrown,34
@SimoneFoxman,34
@monacharenEPPC,33
@ElizabethHurley,33
@SenRonJohnson,33
@RepPerlmutter,33
@joshduhamel,33
@pete_wells,33
@taylor_dayne,33
@elizabethforma,33
@KarlRove,33
@McCormickJohn,33
@ChristopherHahn,32
@KrisJenner,32
@ABFalecbaldwin,32
@JebBush,32
@GabbyGiffords,32
@russellcrowe,32
@MargaretAtwood,32
@HelenClarkUNDP,32
@NaomiCampbell,32
@SarahBrownUK,31
@JamesOKeefeIII,31
@SuzanneSomers,31
@PRyan,31
@adamlevine,31
@victoriabeckham,31
@wolfblitzer,31
@dansenor,31
@GovBrewer,31
@kelly_clarkson,31
@WhoopiGoldberg,31
@jack,30
@SenatorHarkin,30
@Jon_Favreau,30
@TomBeerBooks,30
@AshleyJudd,30
@naomirwolf,30
@CardinalDolan,30
@RebelWilson,30
@CornelWest,29
@ValEKilmer,29
@alexlundry,29
@Philip_Elliott,29
@Carrie_Rachel,29
@sarafstewart,29
@dtapscott,28
@ruth_franklin,28
@pattiemallette,28
@Pink,28
@timoreilly,28
@PressSec,28
@DavidHasselhoff,28
@maudeapatow,28
@Danielkellison,28
@kristina_wong,28
@JohnBoozman,28
@mdornic,28
@SUGARRAYLEONARD,28
@Lara_APN,28
@JameelMcClain,27
@clayaiken,27
@JayMcInerney,27
@soledadobrien,27
@AmbJohnBolton,27
@MikeTyson,27
@dickc,27
@solangeknowles,27
@BillyCrystal,27
@IAmSteveHarvey,27
@brooks_rosa,27
@MaxineWaters,27
@ReallyMarcia,27
@KatieHeigl,27
@PolitiFact,27
@ShashiTharoor,27
@metheridge,27
@ChrisGethard,27
@SenThadCochran,27
@kfahim,27
@SenatorIsakson,27
@DMiliband,27
@azizansari,26
@bryanadams,26
@canyonjim,26
@grimmers,26
@petesouza,26
@HilaryDuff,26
@hitRECordJoe,26
@woodelijah,26
@SimonCowell,26
@AssangeC,26
@realjaclynsmith,26
@cocosworld,25
@AidaAlami,25
@tavitulle,25
@MayorofLondon,25
@BernsteinJacob,25
@missjillscott,25
@BryanHall95,25
@davidwalliams,25
@matthew_power,25
@LilTunechi,25
@kobebryant,25
@judyblume,25
@KevinSpacey,25
@FelicityHuffman,25
@FLGovScott,25
@RyanGOP,25
@SteveCarell,25
@NickyMorgan01,25
@TheLloydGrove,24
@LaPantin,24
@ritarudner,24
@DavidMuir,24
@MacyGraysLife,24
@davidwain,24
@DrDrewHLN,24
@DrPhil,24
@eddieizzard,24
@goldiehawn,24
@CherylStrayed,24
@shakira,24
@cocorocha,24
@BobWoodruff,24
@alexcast,24
@donnyosmond,23
@DaisyKhan,23
@MichaelPhelps,23
@aa000G9,23
@BFischerMartin,23
@kevinpollak,23
@Messina2012,23
@kourtneykardash,23
@SenMarkPryor,23
@DonRickles,23
@andy_murray,23
@RedHourBen,23
@cafreeland,23
@AlanGrayson,23
@marcthiessen,23
@jamieoliver,23
@rajshah,23
@melindagates,22
@danbalz,22
@CraigyFerg,22
@RepRichardHanna,22
@ohsnapjbsmoove,22
@TheLewisBlack,22
@lindsaylohan,22
@DanFeldmanNBA,22
@IAMKELLYBROOK,22
@TheMandyMoore,22
@theseanhayes,22
@MrsSOsbourne,22
@RonPaul,22
@DjokerNole,22
@SamHarrisOrg,22
@jerryspringer,22
@FareedZakaria,22
@TracyClarkFlory,22
@iamrashidajones,22
@kathyireland,22
@NafeesaSyeed,22
@jimmycarr,22
@StateAfrica,22
@kylieminogue,21
@ebertchicago,21
@Jemima_Khan,21
@MRbelzer,21
@maddow,21
@hopesolo,21
@aplusk,21
@serenawilliams,21
@DianeSawyer,21
@SethGreen,21
@DanniiMinogue,21
@AngelAlessandra,21
@50cent,21
@KDTrey5,21
@SenBobCorker,20
@CindyCrawford,20
@KeshaRose,20
@Courtney,20
@MedvedevRussiaE,20
@JBennet,20
@MelRivers,20
@stavridisj,20
@TonyOElumelu,20
@RohdeD,20
@Carole_King,19
@jensstoltenberg,19
@jenniegarth,19
@mikeallen,19
@janemarielynch,19
@Sulliview,19
@mikeymusto,19
@TheJoeyKola,19
@whitneysnyder,19
@jeweljk,19
@NiallOfficial,19
@sarafagen2,19
@TarellBrown25,18
@JonahHill,18
@RyanLochte,18
@JoyVBehar,18
@ColinKahl,18
@CTurlington,18
@GlennKesslerWP,18
@rajskub,18
@JLo,18
@TEDchris,18
@PatrickMurphyFL,18
@jackgraycnn,18
@NancyHeartMusic,18
@charliesheen,17
@THEGaryBusey,17
@HannaRosin,17
@CarterD,17
@JohnDonvan,17
@hardball_chris,17
@IAMJHUD,17
@maryjblige,17
@D_Copperfield,17
@hughhefner,17
@CompuNerdDrew,17
@Fergie,17
@channingtatum,17
@anniegowen,17
@panphil,17
@KendallJenner,17
@williamnorwich,17
@NaomiAKlein,17
@RickHertzberg,17
@Schwarzenegger,17
@MikeDorning,17
@SangerNYT,17
@SeinfeldToday,16
@rosariodawson,16
@enrique305,16
@selenagomez,16
@lancearmstrong,16
@khloekardashian,16
@QuincyDJones,16
@BorowitzReport,16
@Brenda_Strong,16
@jhw4,16
@joehagansays,16
@mrdannyglover,16
@kelligrant,16
@SofiaVergara,16
@MinkysHighjinks,16
@stefcutter,16
@UnlikelyWorlds,15
@SenJohnsonSD,15
@PrinceTweets2U,15
@AdviceToWriters,15
@Harry_Styles,15
@MariaBartiromo,15
@CourteneyCox,15
@BrunoMars,15
@AvrilLavigne,15
@bdaly22,15
@CharlizeAfrica,15
@CandaceBushnell,15
@jinglejared,14
@juliaxgulia,14
@StephenBaldwin7,14
@Tatum_Oneal,14
@Janefonda,14
@MikaelaShiffrin,14
@DENISE_RICHARDS,14
@P_Musharraf,14
@nickjonas,14
@kaj33,14
@OrrinHatch,14
@mvp86hinesward,14
@BenjaminFMoser,14
@TheRealDratch,14
@RealRonJeremy,14
@UN_PGA,14
@johnkeypm,14
@OfficialJLD,14
@NelsonMandela,14
@HHShkMohd,13
@KellyRipa,13
@Charles_HRH,13
@Curtisleejamie,13
@TomDaley1994,13
@AriKarpel,13
@MelanieGriffith,13
@Tori_Spelling,13
@siweiluozi,13
@BobBalaban,13
@JohnTesh,13
@GStephanopoulos,13
@mdichristina,13
@mrjaymanuel,13
@PamelaDAnderson,13
@jadapsmith,13
@JaredCohen,13
@MissKellyO,13
@MittRomney,13
@BillCosby,13
@BOBSLEDR,13
@AdrianaLima,13
@ActressJolie,13
@joejonas,12
@kyrasedgwick,12
@AmericaFerrera,12
@SalmanRushdie,12
@tombrokaw,12
@TuckerCarlson,12
@johnkrasinski,12
@CardinalMahony,12
@jeffgarlin,12
@iamjohnoliver,12
@NeilDiamond,12
@SamFeistCNN,12
@bittman,12
@CherylEIsaac,12
@DannyDeVito,12
@_juliannemoore,12
@drsanjaygupta,12
@lynseyaddario,12
@DLidington,12
@fravel,12
@RasmussenPoll,12
@Cristiano,12
@mcgregor_ewan,12
@DCaseGP,12
@RealTracyMorgan,12
@dickstevenson,12
@VWOfficial,12
@ariezrawaldman,12
@BarbaraBoxer,12
@chelseahandler,12
@ChazBono,12
@LennyKravitz,11
@andrewrsorkin,11
@DanielBaldwin,11
@kanyewest,11
@MJGerson,11
@robcorddry,11
@KateUpton,11
@TomCoburn,11
@OfficialBPeters,11
@EmWatson,11
@gwenstefani,11
@Real_Liam_Payne,11
@woodyjohnson4,11
@bobjcarr,11
@BritishMonarchy,11
@chriscolfer,11
@stb5g5,11
@RobertGreenhill,11
@NicoleScherzy,10
@BetsyMTP,10
@boonepickens,10
@tomhanks,10
@Becker_Boris,10
@DwightHoward,10
@jeremyabbottpcf,10
@axlrose,10
@katebosworth,10
@TigerWoods,10
@TimPawlenty,10
@PMOIndia,10
@rickungar,10
@DollyParton,10
@BobNewhart,10
@Rasmussen_Poll,10
@HowardStern,10
@DalaiLama,10
@Meryl_Davis,10
@sethmeyers21,9
@BarbraStreisand,9
@salmanmasood,9
@mena13suvari,9
@SenatorBegich,9
@john_russell,9
@jessicaalba,9
@artsy,9
@civsecatstate,9
@FredBarnes,9
@Louis_Tomlinson,9
@JuliaGillard,9
@IMFNews,9
@grantshapps,9
@McCainBlogette,9
@ZacEfron,9
@NWAMatt,9
@billkeller2014,9
@WalterIsaacson,9
@TSTREETER8,9
@heidiklum,9
@RichardDreyfuss,8
@GovBeebeMedia,8
@blakegriffin32,8
@Guaje7Villa,8
@TheJohnZogby,8
@nfergus,8
@DickMorrisTweet,8
@StevenHolcomb,8
@AndrewSmiler,8
@LaurenConrad,8
@realmikefox,8
@LILBTHEBASEDGOD,8
@KateySagal,8
@JerrySeinfeld,8
@dramnabuttar,8
@ZooeyDeschanel,8
@MatthewPerry,8
@Alanis,8
@dan_aykroyd,8
@MrKRudd,8
@ProfBrianCox,8
@brett_mcgurk,8
@SajadJiyad,8
@QueenRania,8
@CarreOtis,8
@CarterLibrary,7
@biz,7
@therealpduffy,7
@USYouthObserver,7
@OzzyOsbourne,7
@nicolerichie,7
@natimbruglia,7
@JenniferGrey,7
@TimPhillipsAFP,7
@BillGates,7
@ben_austen,7
@Najib_Mikati,7
@david_steinberg,7
@Mariska,7
@FlakPhoto,7
@EdwardNorton,7
@robbiewilliams,7
@WHAAsstSecty,7
@TheRealKinkster,7
@TheReal_Jlh,7
@jk_rowling,7
@DorisKGoodwin,7
@LeoDiCaprio,7
@Lagarde,7
@PhilJackson11,7
@RizKhanShows,6
@deemyers,6
@CharlieaWhite,6
@themichaelcaine,6
@SarahTheDuchess,6
@Cutler_econ,6
@minutephysics,6
@ChristaBMiller,6
@RealFayeDunaway,6
@danieljmitchell,6
@RealSAlexander,6
@BarbaraJWalters,6
@hollandercb,6
@grove,6
@SecretaryFoxx,6
@Brittanysnow,6
@Hilary_Knight,6
@AshWagner2010,6
@KAKA,6
@ToddGlass,5
@sparker,5
@amandabynes,5
@TomCruise,5
@TeamFlacco,5
@TVAshleigh,5
@OfficialPiaZ,5
@robinwilliams,5
@JohnCleese,5
@OfficialAdele,5
@shaun_white,5
@louisck,5
@PaulKagame,5
@djpolitico,5
@tonyblairoffice,5
@JPN_PMO,5
@jermjackson5,5
@GovRichardson,5
@zoedinovi,5
@PearlJam,5
@xtina,5
@davidarquette,5
@carrieffisher,4
@FelipeCalderon,4
@LisaKudrow,4
@CatherineCrier,4
@SenatorSessions,4
@jskoff,4
@alydudek,4
@RealAliceCooper,4
@DavidBarboza2,4
@chrishughes,4
@AmandaSeyfried,4
@mrDavidWise,4
@Kaepernick7,4
@BrianRoss,4
@misterrobbates,4
@TheJuanWilliams,4
@eveensler,4
@michaelpollan,4
@SenatorCollins,4
@NasserJudeh,4
@BetseyStevenson,4
@BenAffleck,4
@JeffMadrick,4
@ChinaOkasi,4
@mirapaglinair,4
@crowleyCNN,4
@oreillyfactor,4
@Billy,4
@kirstendunst,3
@Drake,3
@N8Holland,3
@raylewis,3
@harrybelafonte,3
@noaheverett,3
@DonMarkwell,3
@aaronhuey,3
@batemanjason,3
@RayLaHood,3
@plantecbs,3
@NeYoCompound,3
@WilliamJBennett,3
@DJBerry20,3
@ev,3
@kaifulee,3
@danacarvey,3
@RealKiefer,3
@EliotSpitzer,3
@jrcelski,3
@russfeingold,3
@liamgallagher,3
@dennisrodman,3
@ElizabethMcGov,3
@JimCameron,3
@Mike_AFL,3
@davidguetta,3
@RyanMiller3039,3
@toriamos,2
@FayyadSalam,2
@adamdavidson,2
@MarkMNoLabels,2
@WomanOnFire,2
@ScottDisick,2
@NBowman53,2
@jasonbskates,2
@SachinKamdar,2
@andrewrawnsley,2
@Freakyjean95,2
@EPAadm,2
@andreamsaul,2
@TheSlyStallone,2
@Dolly_Parton,2
@StevieNicks,2
@marissamayer,2
@ConWebWatch,2
@silva_marina,2
@JanetJackson,2
@DAVID_LYNCH,2
@T26Brock,2
@georgesoros,2
@joancbaez,2
@tedligety,2
@NaomiWoodBooks,2
@HoshyarZebari,2
@CameronCrowe,2
@lessig,2
@GraceEGold,2
@HelenHunt,2
@NatalieCole,2
@tomfriedman,2
@BettyMWhite,2
@SenCarlLevin,2
@GwynethPaltrow,2
@benatargiraldo,2
@krauthammer,2
@RachelMorris,2
@halftheskyvt,2
@MichaelBarone,2
@TerrenceCody,2
@MichaelKeaton,2
@Eminem,2
@MillerBode,1
@Alexanderikson,1
@McConaughey,1
@MichelleObama,1
@chrisbodenner,1
@shitmydadsays,1
@DowntonAbbey,1
@laurawbush,1
@RachelMorris_,1
@HankJr,1
@DavidBowieReal,1
@kweliwashington,1
@HaleyBarbour,1
@Diane_Keaton,1
@GloriaSteinem,1
@jamesLmcgregor,1
@VanHalen,1
@DrFionaWallice,1
@SnoopDogg,1
@EMILIOTHEWAY,1
@EckhartTolle,1
@ElGabo,1
@PrimeministerGR,1
@jessicamusicar,1
@jgarlin,1
@Howard_Stern,1
@macon44,1
@JessicaSimpson,1
@ChristianSlater,1
@VictoriaJackson,1
@NellyFurtado,1
@Seal,1
@pdousteblazy,1
@NicolasSarkozy,1
@beck,1
@TheDickCavett,1
@RepPaulRyan,1
@KarlLagerfeld,1
@bjork,1
@BryanCranston,1
@morganbrinlee,1
@TeamBachmann,1
@JohnnyQuinnUSA,1
@crovitz,1
@mgyllenhaal,1
@JimmyLSwaggart,1
@007,1
